mean_fit_time,std_fit_time,mean_score_time,std_score_time,param_colsample_bytree,param_learning_rate,param_max_depth,param_min_child_weight,param_n_estimators,param_scale_pos_weight,param_subsample,params,split0_test_score,split1_test_score,split2_test_score,split3_test_score,split4_test_score,mean_test_score,std_test_score,rank_test_score,split0_train_score,split1_train_score,split2_train_score,split3_train_score,split4_train_score,mean_train_score,std_train_score
5.313121318817139,2.212842630516865,0.4245058536529541,0.06089343048548683,0.8,0.05,6,1,100,75,0.8,"{'colsample_bytree': 0.8, 'learning_rate': 0.05, 'max_depth': 6, 'min_child_weight': 1, 'n_estimators': 100, 'scale_pos_weight': 75, 'subsample': 0.8}",0.42080378250591016,0.24045801526717558,0.17159763313609466,0.02702702702702703,0.33884297520661155,0.23974588662856378,0.13601191082815323,23,0.8848167539267016,0.8172690763052208,0.7575516693163752,0.7274001401541695,0.7189826302729528,0.781204053995084,0.062228738436431834
5.594216346740723,2.724190924980943,0.4876217842102051,0.11748960006720292,0.8,0.05,6,1,100,100,0.8,"{'colsample_bytree': 0.8, 'learning_rate': 0.05, 'max_depth': 6, 'min_child_weight': 1, 'n_estimators': 100, 'scale_pos_weight': 100, 'subsample': 0.8}",0.4562647754137116,0.2633587786259542,0.21301775147928995,0.08648648648648649,0.3677685950413223,0.2773792774093529,0.12723937139953428,18,0.9493891797556719,0.8875502008032129,0.8394276629570747,0.8072880168185004,0.7971464019851117,0.8561602924639142,0.05626379165613958
6.067580795288086,3.5334000499094067,0.05618042945861816,0.7624545207965706,0.8,0.05,6,1,100,125,0.8,"{'colsample_bytree': 0.8, 'learning_rate': 0.05, 'max_depth': 6, 'min_child_weight': 1, 'n_estimators': 100, 'scale_pos_weight': 125, 'subsample': 0.8}",0.4988179669030733,0.31297709923664124,0.2603550295857988,0.14594594594594595,0.45867768595041325,0.33535474552437455,0.12956093715376796,8,0.9720767888307156,0.9166666666666666,0.8918918918918919,0.861948142957253,0.8461538461538461,0.8977474673000746,0.044408479536282866
6.192800998687744,3.3415284453985272,0.5295197010040283,0.1477536138301956,0.8,0.05,6,1,100,150,0.8,"{'colsample_bytree': 0.8, 'learning_rate': 0.05, 'max_depth': 6, 'min_child_weight': 1, 'n_estimators': 100, 'scale_pos_weight': 150, 'subsample': 0.8}",0.5460992907801419,0.35877862595419846,0.33727810650887574,0.21081081081081082,0.5041322314049587,0.39141981309179713,0.1210340557482368,4,0.9825479930191972,0.9497991967871486,0.9141494435612083,0.8969866853538893,0.8765508684863523,0.9240068374415591,0.03787251911190482
6.73913197517395,3.6342051493135554,0.44895567893981936,0.08538545549593214,0.8,0.05,6,1,100,200,0.8,"{'colsample_bytree': 0.8, 'learning_rate': 0.05, 'max_depth': 6, 'min_child_weight': 1, 'n_estimators': 100, 'scale_pos_weight': 200, 'subsample': 0.8}",0.5815602836879432,0.4122137404580153,0.4970414201183432,0.23783783783783785,0.6198347107438017,0.4696975985691883,0.1362831170327174,1,0.9947643979057592,0.9799196787148594,0.9403815580286169,0.9320252277505255,0.9193548387096774,0.9532891402218876,0.028981646092506835
11.141766166687011,4.3947678704907736,0.901421308517456,0.12087572231299472,0.8,0.05,6,1,200,75,0.8,"{'colsample_bytree': 0.8, 'learning_rate': 0.05, 'max_depth': 6, 'min_child_weight': 1, 'n_estimators': 200, 'scale_pos_weight': 75, 'subsample': 0.8}",0.2907801418439716,0.16412213740458015,0.14201183431952663,0.016216216216216217,0.30578512396694213,0.18378309075024737,0.106341820036264,40,0.9633507853403142,0.893574297188755,0.8449920508744038,0.810791871058164,0.7797766749379652,0.8584971358799205,0.06462164596214363
10.10328187942505,4.261760161909887,0.4489304542541504,0.7817937312463816,0.8,0.05,6,1,200,100,0.8,"{'colsample_bytree': 0.8, 'learning_rate': 0.05, 'max_depth': 6, 'min_child_weight': 1, 'n_estimators': 200, 'scale_pos_weight': 100, 'subsample': 0.8}",0.3333333333333333,0.183206106870229,0.15976331360946747,0.05405405405405406,0.3181818181818182,0.2097077252097804,0.10437889173486782,30,0.9825479930191972,0.9437751004016064,0.9054054054054054,0.8766643307638402,0.8492555831265509,0.91152968254332,0.047359329342890985
9.358667039871216,4.487962082396909,0.8483437061309814,0.07425530307795894,0.8,0.05,6,1,200,125,0.8,"{'colsample_bytree': 0.8, 'learning_rate': 0.05, 'max_depth': 6, 'min_child_weight': 1, 'n_estimators': 200, 'scale_pos_weight': 125, 'subsample': 0.8}",0.375886524822695,0.24427480916030533,0.1834319526627219,0.0972972972972973,0.3512396694214876,0.2504260506729014,0.10380575932941942,22,0.9912739965095986,0.9728915662650602,0.9411764705882353,0.9250175192711984,0.8951612903225806,0.9451041685913346,0.0341086026150622
9.537471628189087,4.507028190421912,0.8051306724548339,0.06175287917639573,0.8,0.05,6,1,200,150,0.8,"{'colsample_bytree': 0.8, 'learning_rate': 0.05, 'max_depth': 6, 'min_child_weight': 1, 'n_estimators': 200, 'scale_pos_weight': 150, 'subsample': 0.8}",0.39952718676122934,0.22519083969465647,0.20118343195266272,0.12972972972972974,0.371900826446281,0.26550640291691185,0.10342092445319391,20,0.9982547993019197,0.9859437751004017,0.9546899841017488,0.9439383321653819,0.9280397022332506,0.9621733185805406,0.02615540725600096
8.674556303024293,3.725109211982194,0.7836599826812745,0.034400185953686824,0.8,0.05,6,1,200,200,0.8,"{'colsample_bytree': 0.8, 'learning_rate': 0.05, 'max_depth': 6, 'min_child_weight': 1, 'n_estimators': 200, 'scale_pos_weight': 200, 'subsample': 0.8}",0.458628841607565,0.33969465648854963,0.27218934911242604,0.14594594594594595,0.4380165289256198,0.33089506441602135,0.1144734871025669,9,1.0,0.9949799196787149,0.9809220985691574,0.9712683952347583,0.955955334987593,0.9806251496940446,0.01598549990452243
5.000363445281982,2.0625583511728127,0.3721619606018066,0.01666708755691618,0.8,0.05,6,3,100,75,0.8,"{'colsample_bytree': 0.8, 'learning_rate': 0.05, 'max_depth': 6, 'min_child_weight': 3, 'n_estimators': 100, 'scale_pos_weight': 75, 'subsample': 0.8}",0.3971631205673759,0.22900763358778625,0.17751479289940827,0.021621621621621623,0.359504132231405,0.23696226018151942,0.13464746127554514,25,0.8691099476439791,0.8172690763052208,0.7583465818759937,0.7351086194814296,0.7158808933002482,0.7791430237213743,0.05642917894376405
3.707882022857666,2.01562446244154,0.4014066219329834,0.036374517961109826,0.8,0.05,6,3,100,100,0.8,"{'colsample_bytree': 0.8, 'learning_rate': 0.05, 'max_depth': 6, 'min_child_weight': 3, 'n_estimators': 100, 'scale_pos_weight': 100, 'subsample': 0.8}",0.4728132387706856,0.27099236641221375,0.28402366863905326,0.08648648648648649,0.3925619834710744,0.3013755487559028,0.13046638036645108,12,0.9546247818499127,0.8875502008032129,0.8386327503974563,0.8044849334267694,0.7965260545905707,0.8563637442135843,0.05867567612182507
5.8456401348114015,3.1701186109712585,0.4278667449951172,0.04947178843537392,0.8,0.05,6,3,100,125,0.8,"{'colsample_bytree': 0.8, 'learning_rate': 0.05, 'max_depth': 6, 'min_child_weight': 3, 'n_estimators': 100, 'scale_pos_weight': 125, 'subsample': 0.8}",0.5342789598108747,0.3244274809160305,0.34911242603550297,0.12432432432432433,0.4297520661157025,0.352379051440487,0.1355544759581432,7,0.9650959860383944,0.9156626506024096,0.890302066772655,0.8647512263489839,0.8436724565756824,0.895896877267625,0.0422088759443327
5.462127304077148,2.537327509198637,0.3830042839050293,0.02827676137107042,0.8,0.05,6,3,100,150,0.8,"{'colsample_bytree': 0.8, 'learning_rate': 0.05, 'max_depth': 6, 'min_child_weight': 3, 'n_estimators': 100, 'scale_pos_weight': 150, 'subsample': 0.8}",0.524822695035461,0.36259541984732824,0.378698224852071,0.22702702702702704,0.5578512396694215,0.4101989212862618,0.11979160797320608,3,0.9790575916230366,0.9427710843373494,0.910174880763116,0.8969866853538893,0.880272952853598,0.9218526389861978,0.035195294992764234
5.328269004821777,2.5971290779188223,0.39969525337219236,0.05247612137189551,0.8,0.05,6,3,100,200,0.8,"{'colsample_bytree': 0.8, 'learning_rate': 0.05, 'max_depth': 6, 'min_child_weight': 3, 'n_estimators': 100, 'scale_pos_weight': 200, 'subsample': 0.8}",0.5981087470449172,0.40458015267175573,0.4556213017751479,0.21081081081081082,0.628099173553719,0.4594440371712702,0.15001039775376998,2,0.9965095986038395,0.9759036144578314,0.9395866454689984,0.9355290819901892,0.9168734491315137,0.9528804779304745,0.029009888079094315
8.977678155899047,4.139541957288072,0.780738115310669,0.03723536467252917,0.8,0.05,6,3,200,75,0.8,"{'colsample_bytree': 0.8, 'learning_rate': 0.05, 'max_depth': 6, 'min_child_weight': 3, 'n_estimators': 200, 'scale_pos_weight': 75, 'subsample': 0.8}",0.2647754137115839,0.15267175572519084,0.14201183431952663,0.005405405405405406,0.29338842975206614,0.1716505677827546,0.10234104534195373,45,0.9616055846422339,0.8975903614457831,0.8426073131955485,0.8135949544498949,0.7909429280397022,0.8612682283546323,0.06156866261797817
9.046053552627564,3.883485260472583,0.4717362880706787,0.6741622670501265,0.8,0.05,6,3,200,100,0.8,"{'colsample_bytree': 0.8, 'learning_rate': 0.05, 'max_depth': 6, 'min_child_weight': 3, 'n_estimators': 200, 'scale_pos_weight': 100, 'subsample': 0.8}",0.34278959810874704,0.20229007633587787,0.16568047337278108,0.06486486486486487,0.3181818181818182,0.21876136617281777,0.10202004340226174,27,0.9808027923211169,0.9407630522088354,0.9125596184419714,0.8738612473721094,0.8511166253101737,0.9118206671308414,0.04630904779974414
8.398527240753173,4.173299289206754,0.7728723526000977,0.045943420077453015,0.8,0.05,6,3,200,125,0.8,"{'colsample_bytree': 0.8, 'learning_rate': 0.05, 'max_depth': 6, 'min_child_weight': 3, 'n_estimators': 200, 'scale_pos_weight': 125, 'subsample': 0.8}",0.38534278959810875,0.2595419847328244,0.20118343195266272,0.07567567567567568,0.371900826446281,0.2587289416811105,0.11459457832708936,21,0.9930191972076788,0.9718875502008032,0.9403815580286169,0.920812894183602,0.8988833746898263,0.9449969148621055,0.0339466429347466
8.889156198501587,4.130946448202527,0.754505968093872,0.01589408547542326,0.8,0.05,6,3,200,150,0.8,"{'colsample_bytree': 0.8, 'learning_rate': 0.05, 'max_depth': 6, 'min_child_weight': 3, 'n_estimators': 200, 'scale_pos_weight': 150, 'subsample': 0.8}",0.3877068557919622,0.2862595419847328,0.21893491124260356,0.12432432432432433,0.39669421487603307,0.2827839696439312,0.10313350286218166,15,0.9982547993019197,0.9869477911646586,0.9618441971383148,0.9467414155571128,0.923697270471464,0.963497094726694,0.02692784453454467
9.177976179122926,4.252222261832933,0.7886217117309571,0.032527069549915154,0.8,0.05,6,3,200,200,0.8,"{'colsample_bytree': 0.8, 'learning_rate': 0.05, 'max_depth': 6, 'min_child_weight': 3, 'n_estimators': 200, 'scale_pos_weight': 200, 'subsample': 0.8}",0.5130023640661938,0.33969465648854963,0.28402366863905326,0.13513513513513514,0.49173553719008267,0.35271827230380287,0.13946166120498943,6,0.9982547993019197,0.9949799196787149,0.9817170111287759,0.9705676243868255,0.9516129032258065,0.9794264515444084,0.017051310812787022
6.206854629516601,2.91362914232946,0.45427765846252444,0.020405878536920632,0.8,0.05,8,1,100,75,0.8,"{'colsample_bytree': 0.8, 'learning_rate': 0.05, 'max_depth': 8, 'min_child_weight': 1, 'n_estimators': 100, 'scale_pos_weight': 75, 'subsample': 0.8}",0.1867612293144208,0.14122137404580154,0.11242603550295859,0.0,0.25206611570247933,0.13849495091313205,0.0837805660812957,60,0.9598603839441536,0.9226907630522089,0.8799682034976153,0.8437281009110021,0.8207196029776674,0.8853934108765296,0.050763283808157096
5.046621370315552,2.1718964403196677,0.45398640632629395,0.018872317476061475,0.8,0.05,8,1,100,100,0.8,"{'colsample_bytree': 0.8, 'learning_rate': 0.05, 'max_depth': 8, 'min_child_weight': 1, 'n_estimators': 100, 'scale_pos_weight': 100, 'subsample': 0.8}",0.2553191489361702,0.19083969465648856,0.1301775147928994,0.032432432432432434,0.30578512396694213,0.18291078295698654,0.09573763557870107,41,0.9860383944153578,0.9618473895582329,0.9197138314785374,0.9060967063770147,0.890818858560794,0.9329030360779875,0.03556614775691123
6.135897636413574,3.5637228350370678,0.08437442779541016,0.7957158739157156,0.8,0.05,8,1,100,125,0.8,"{'colsample_bytree': 0.8, 'learning_rate': 0.05, 'max_depth': 8, 'min_child_weight': 1, 'n_estimators': 100, 'scale_pos_weight': 125, 'subsample': 0.8}",0.2860520094562648,0.2099236641221374,0.14201183431952663,0.04864864864864865,0.32231404958677684,0.20179004122667088,0.09870966704866035,33,0.9947643979057592,0.9789156626506024,0.9507154213036566,0.9453398738612474,0.9286600496277916,0.9596790810698115,0.023871178855547955
6.371705198287964,3.03998901638601,0.45586442947387695,0.01848391285203907,0.8,0.05,8,1,100,150,0.8,"{'colsample_bytree': 0.8, 'learning_rate': 0.05, 'max_depth': 8, 'min_child_weight': 1, 'n_estimators': 100, 'scale_pos_weight': 150, 'subsample': 0.8}",0.37115839243498816,0.2099236641221374,0.16568047337278108,0.08108108108108109,0.359504132231405,0.23746954864847852,0.11236987711534549,24,0.9947643979057592,0.9869477911646586,0.9650238473767886,0.9593552908199019,0.9503722084367245,0.9712927071407667,0.016825395688342383
6.731811046600342,3.4595630926416927,0.5136964797973633,0.1009120565106943,0.8,0.05,8,1,100,200,0.8,"{'colsample_bytree': 0.8, 'learning_rate': 0.05, 'max_depth': 8, 'min_child_weight': 1, 'n_estimators': 100, 'scale_pos_weight': 200, 'subsample': 0.8}",0.3829787234042553,0.26717557251908397,0.1952662721893491,0.0972972972972973,0.43388429752066116,0.27532043258612937,0.12239285182172005,19,0.9965095986038395,0.9939759036144579,0.9833068362480127,0.9761737911702874,0.9702233250620348,0.9840378909397265,0.010075001980320096
10.890954160690308,4.638908459422298,1.051078462600708,0.09252614735231728,0.8,0.05,8,1,200,75,0.8,"{'colsample_bytree': 0.8, 'learning_rate': 0.05, 'max_depth': 8, 'min_child_weight': 1, 'n_estimators': 200, 'scale_pos_weight': 75, 'subsample': 0.8}",0.10401891252955082,0.09923664122137404,0.07100591715976332,0.0,0.17355371900826447,0.08956303798379053,0.05607653682887224,77,0.9930191972076788,0.9799196787148594,0.9570747217806042,0.9327259985984583,0.9156327543424317,0.9556744701288065,0.028685853075552947
10.795514440536499,3.906414586018524,1.0710614681243897,0.042348348333865735,0.8,0.05,8,1,200,100,0.8,"{'colsample_bytree': 0.8, 'learning_rate': 0.05, 'max_depth': 8, 'min_child_weight': 1, 'n_estimators': 200, 'scale_pos_weight': 100, 'subsample': 0.8}",0.1536643026004728,0.0916030534351145,0.08875739644970414,0.010810810810810811,0.18181818181818182,0.10533074902285681,0.05930194623843703,72,0.9982547993019197,0.9889558232931727,0.980127186009539,0.9705676243868255,0.956575682382134,0.9788962230747181,0.014457090943614347
11.262300825119018,5.037798238998344,0.639896821975708,0.8129957320225369,0.8,0.05,8,1,200,125,0.8,"{'colsample_bytree': 0.8, 'learning_rate': 0.05, 'max_depth': 8, 'min_child_weight': 1, 'n_estimators': 200, 'scale_pos_weight': 125, 'subsample': 0.8}",0.1536643026004728,0.1450381679389313,0.10059171597633136,0.043243243243243246,0.26859504132231404,0.14222649421625855,0.07434901129097413,56,1.0,0.9969879518072289,0.9888712241653418,0.9852838121934128,0.9720843672456576,0.9886454710823284,0.009840164498792528
10.870528602600098,4.662452316441922,0.966844129562378,0.05745088068713744,0.8,0.05,8,1,200,150,0.8,"{'colsample_bytree': 0.8, 'learning_rate': 0.05, 'max_depth': 8, 'min_child_weight': 1, 'n_estimators': 200, 'scale_pos_weight': 150, 'subsample': 0.8}",0.19621749408983452,0.15267175572519084,0.08875739644970414,0.03783783783783784,0.2975206611570248,0.15460102905191841,0.08958872727707609,51,1.0,0.998995983935743,0.994435612082671,0.9936930623686054,0.9844913151364765,0.9943231947046991,0.00549793848329372
10.14812536239624,4.201590831227261,0.9747099876403809,0.04791420915485233,0.8,0.05,8,1,200,200,0.8,"{'colsample_bytree': 0.8, 'learning_rate': 0.05, 'max_depth': 8, 'min_child_weight': 1, 'n_estimators': 200, 'scale_pos_weight': 200, 'subsample': 0.8}",0.23404255319148937,0.17938931297709923,0.13609467455621302,0.04864864864864865,0.34710743801652894,0.18905652547799584,0.09961588043080884,37,1.0,1.0,0.9984101748807631,0.9978976874562018,0.9906947890818859,0.9974005302837702,0.003456819293633308
5.559383296966553,3.594520108348338,0.44870800971984864,0.013145354120334232,0.8,0.05,8,3,100,75,0.8,"{'colsample_bytree': 0.8, 'learning_rate': 0.05, 'max_depth': 8, 'min_child_weight': 3, 'n_estimators': 100, 'scale_pos_weight': 75, 'subsample': 0.8}",0.1867612293144208,0.1297709923664122,0.11242603550295859,0.005405405405405406,0.2644628099173554,0.13976529450131048,0.08562475015496322,58,0.9650959860383944,0.9176706827309237,0.8728139904610492,0.8458304134548003,0.825062034739454,0.8852946214849243,0.05051261525332094
6.209566259384156,2.9692739043594423,0.44357728958129883,0.04050279495639255,0.8,0.05,8,3,100,100,0.8,"{'colsample_bytree': 0.8, 'learning_rate': 0.05, 'max_depth': 8, 'min_child_weight': 3, 'n_estimators': 100, 'scale_pos_weight': 100, 'subsample': 0.8}",0.25059101654846333,0.16793893129770993,0.14792899408284024,0.016216216216216217,0.3140495867768595,0.17934494898441783,0.1009449201322585,43,0.9860383944153578,0.9608433734939759,0.9181240063593005,0.9060967063770147,0.8864764267990074,0.9315157814889312,0.03657002998273835
6.47956690788269,3.01881795090143,0.4602313995361328,0.015947710038144033,0.8,0.05,8,3,100,125,0.8,"{'colsample_bytree': 0.8, 'learning_rate': 0.05, 'max_depth': 8, 'min_child_weight': 3, 'n_estimators': 100, 'scale_pos_weight': 125, 'subsample': 0.8}",0.28368794326241137,0.2099236641221374,0.16568047337278108,0.07027027027027027,0.3305785123966942,0.21202817268485888,0.09103531935443121,29,0.9930191972076788,0.9769076305220884,0.9483306836248012,0.9439383321653819,0.9280397022332506,0.9580471091506402,0.023548576145477878
6.344567060470581,3.0205472939240487,0.4677154541015625,0.0282428851265205,0.8,0.05,8,3,100,150,0.8,"{'colsample_bytree': 0.8, 'learning_rate': 0.05, 'max_depth': 8, 'min_child_weight': 3, 'n_estimators': 100, 'scale_pos_weight': 150, 'subsample': 0.8}",0.37825059101654845,0.1984732824427481,0.15384615384615385,0.07027027027027027,0.3512396694214876,0.2304159933994417,0.11745923436591652,26,0.9947643979057592,0.9869477911646586,0.9618441971383148,0.9558514365802383,0.9522332506203474,0.9703282146818637,0.017218134366357902
6.2392185688018795,2.7861921735085677,0.4641695499420166,0.020119962471303297,0.8,0.05,8,3,100,200,0.8,"{'colsample_bytree': 0.8, 'learning_rate': 0.05, 'max_depth': 8, 'min_child_weight': 3, 'n_estimators': 100, 'scale_pos_weight': 200, 'subsample': 0.8}",0.39243498817966904,0.2633587786259542,0.20118343195266272,0.10270270270270271,0.4669421487603306,0.28532441004426384,0.13066794565998302,14,0.9982547993019197,0.9949799196787149,0.9817170111287759,0.9803784162578837,0.9708436724565757,0.9852347637647739,0.010075232929637001
9.73629651069641,4.914420636319564,1.074854278564453,0.05377402239804054,0.8,0.05,8,3,200,75,0.8,"{'colsample_bytree': 0.8, 'learning_rate': 0.05, 'max_depth': 8, 'min_child_weight': 3, 'n_estimators': 200, 'scale_pos_weight': 75, 'subsample': 0.8}",0.12529550827423167,0.08015267175572519,0.0650887573964497,0.005405405405405406,0.19008264462809918,0.09320499749198223,0.061781443705533345,76,0.9947643979057592,0.9769076305220884,0.9467408585055644,0.9292221443587947,0.9119106699751861,0.9519091402534785,0.03034068610861597
10.695059013366699,5.9588098493547195,1.0337678432464599,0.04338513150365206,0.8,0.05,8,3,200,100,0.8,"{'colsample_bytree': 0.8, 'learning_rate': 0.05, 'max_depth': 8, 'min_child_weight': 3, 'n_estimators': 200, 'scale_pos_weight': 100, 'subsample': 0.8}",0.15839243498817968,0.12595419847328243,0.08284023668639054,0.021621621621621623,0.19421487603305784,0.11660467356050644,0.06003131100036418,68,0.9982547993019197,0.9919678714859438,0.9777424483306836,0.9684653118430273,0.9553349875930521,0.9783530837109253,0.015552584264966834
10.80205454826355,4.669003031991487,1.002225685119629,0.04780346340019064,0.8,0.05,8,3,200,125,0.8,"{'colsample_bytree': 0.8, 'learning_rate': 0.05, 'max_depth': 8, 'min_child_weight': 3, 'n_estimators': 200, 'scale_pos_weight': 125, 'subsample': 0.8}",0.20094562647754138,0.13358778625954199,0.10650887573964497,0.043243243243243246,0.23140495867768596,0.1431380980795315,0.06714855088114371,55,1.0,0.9979919678714859,0.9896661367249603,0.9866853538892782,0.9751861042183623,0.9899059125408174,0.008881183929679118
9.97660527229309,4.343909544958678,1.0120705127716065,0.04562593037022029,0.8,0.05,8,3,200,150,0.8,"{'colsample_bytree': 0.8, 'learning_rate': 0.05, 'max_depth': 8, 'min_child_weight': 3, 'n_estimators': 200, 'scale_pos_weight': 150, 'subsample': 0.8}",0.18912529550827423,0.14885496183206107,0.1242603550295858,0.043243243243243246,0.2892561983471074,0.15894801079205437,0.08072618978975216,48,1.0,0.998995983935743,0.9928457869634341,0.9929922915206727,0.9851116625310173,0.9939891449901733,0.005334969417074817
10.294214582443237,5.5569765367712405,0.9826959133148193,0.06165008206978297,0.8,0.05,8,3,200,200,0.8,"{'colsample_bytree': 0.8, 'learning_rate': 0.05, 'max_depth': 8, 'min_child_weight': 3, 'n_estimators': 200, 'scale_pos_weight': 200, 'subsample': 0.8}",0.2198581560283688,0.21755725190839695,0.1301775147928994,0.04864864864864865,0.3140495867768595,0.1860582316310347,0.0900227284295482,39,1.0,1.0,0.9992050874403816,0.9964961457603364,0.9925558312655087,0.9976514128932454,0.0028546531021388256
7.51251220703125,3.6585744401082554,0.5639317512512207,0.045197137521512776,0.8,0.05,10,1,100,75,0.8,"{'colsample_bytree': 0.8, 'learning_rate': 0.05, 'max_depth': 10, 'min_child_weight': 1, 'n_estimators': 100, 'scale_pos_weight': 75, 'subsample': 0.8}",0.07328605200945626,0.08396946564885496,0.0650887573964497,0.0,0.1652892561983471,0.07752670625062161,0.052776605090045,87,0.9912739965095986,0.9759036144578314,0.9538950715421304,0.9425367904695164,0.9385856079404467,0.9604390161839047,0.020153581122562884
7.673106956481933,3.58283645507881,0.598636245727539,0.06022496939861242,0.8,0.05,10,1,100,100,0.8,"{'colsample_bytree': 0.8, 'learning_rate': 0.05, 'max_depth': 10, 'min_child_weight': 1, 'n_estimators': 100, 'scale_pos_weight': 100, 'subsample': 0.8}",0.10401891252955082,0.08778625954198473,0.08875739644970414,0.021621621621621623,0.17768595041322313,0.09597402811121689,0.04977742076296987,73,0.9947643979057592,0.9879518072289156,0.9761526232114467,0.9733707077785564,0.9652605459057072,0.979500016406077,0.0105448574790048
7.002371978759766,2.8408514461113588,0.5936228275299072,0.07521222259071211,0.8,0.05,10,1,100,125,0.8,"{'colsample_bytree': 0.8, 'learning_rate': 0.05, 'max_depth': 10, 'min_child_weight': 1, 'n_estimators': 100, 'scale_pos_weight': 125, 'subsample': 0.8}",0.1276595744680851,0.0916030534351145,0.10650887573964497,0.010810810810810811,0.21074380165289255,0.10946522322130958,0.06426332555101288,71,1.0,0.9959839357429718,0.9912559618441972,0.98458304134548,0.9795285359801489,0.9902702949825596,0.007429867159322917
6.282966566085816,3.2021967129184397,0.6247990131378174,0.0627882040542709,0.8,0.05,10,1,100,150,0.8,"{'colsample_bytree': 0.8, 'learning_rate': 0.05, 'max_depth': 10, 'min_child_weight': 1, 'n_estimators': 100, 'scale_pos_weight': 150, 'subsample': 0.8}",0.1773049645390071,0.09541984732824428,0.10650887573964497,0.016216216216216217,0.21074380165289255,0.12123874109520102,0.06792332768259518,64,1.0,0.998995983935743,0.9912559618441972,0.9929922915206727,0.988833746898263,0.9944155968397752,0.004366500766313079
7.606665134429932,3.541193967148147,0.5964337348937988,0.051966780093238865,0.8,0.05,10,1,100,200,0.8,"{'colsample_bytree': 0.8, 'learning_rate': 0.05, 'max_depth': 10, 'min_child_weight': 1, 'n_estimators': 100, 'scale_pos_weight': 200, 'subsample': 0.8}",0.2127659574468085,0.1450381679389313,0.11242603550295859,0.043243243243243246,0.2644628099173554,0.15558724280985942,0.07709557906385824,49,1.0,0.998995983935743,0.9984101748807631,0.9964961457603364,0.9962779156327544,0.9980360440419194,0.0014408944243311944
13.102875804901123,5.643236532050856,1.3502248287200929,0.11861868742353272,0.8,0.05,10,1,200,75,0.8,"{'colsample_bytree': 0.8, 'learning_rate': 0.05, 'max_depth': 10, 'min_child_weight': 1, 'n_estimators': 200, 'scale_pos_weight': 75, 'subsample': 0.8}",0.02127659574468085,0.04961832061068702,0.029585798816568046,0.0,0.0743801652892562,0.034972176092238426,0.02532640615502463,110,0.9982547993019197,0.9969879518072289,0.9896661367249603,0.9824807288016818,0.9813895781637717,0.9897558389599125,0.007035131514701339
13.382474565505982,5.535057725486292,0.9616853713989257,0.7927760361244315,0.8,0.05,10,1,200,100,0.8,"{'colsample_bytree': 0.8, 'learning_rate': 0.05, 'max_depth': 10, 'min_child_weight': 1, 'n_estimators': 200, 'scale_pos_weight': 100, 'subsample': 0.8}",0.04491725768321513,0.05725190839694656,0.029585798816568046,0.010810810810810811,0.1322314049586777,0.054959436133243646,0.04164127887517305,103,1.0,0.998995983935743,0.9968203497615262,0.9943938332165382,0.9913151364764268,0.9963050606780468,0.0031531349910467552
12.719472503662109,6.203736201937938,1.3064235210418702,0.1553652255838274,0.8,0.05,10,1,200,125,0.8,"{'colsample_bytree': 0.8, 'learning_rate': 0.05, 'max_depth': 10, 'min_child_weight': 1, 'n_estimators': 200, 'scale_pos_weight': 125, 'subsample': 0.8}",0.05200945626477541,0.05343511450381679,0.03550295857988166,0.0,0.13636363636363635,0.055462233142422046,0.04480066934212155,101,1.0,0.998995983935743,0.9984101748807631,0.9971969166082691,0.9956575682382134,0.9980521287325977,0.0015019034524200627
12.908754539489745,5.935205111755104,1.339035654067993,0.20829837875710255,0.8,0.05,10,1,200,150,0.8,"{'colsample_bytree': 0.8, 'learning_rate': 0.05, 'max_depth': 10, 'min_child_weight': 1, 'n_estimators': 200, 'scale_pos_weight': 150, 'subsample': 0.8}",0.07328605200945626,0.07251908396946564,0.03550295857988166,0.0,0.128099173553719,0.06188145362250452,0.0427858616362996,98,1.0,1.0,1.0,0.9985984583041345,0.9981389578163772,0.9993474832241024,0.0008122692189580613
12.767208576202393,5.628980067166142,1.2369117259979248,0.036982924970589255,0.8,0.05,10,1,200,200,0.8,"{'colsample_bytree': 0.8, 'learning_rate': 0.05, 'max_depth': 10, 'min_child_weight': 1, 'n_estimators': 200, 'scale_pos_weight': 200, 'subsample': 0.8}",0.08983451536643026,0.10305343511450382,0.029585798816568046,0.016216216216216217,0.17768595041322313,0.08327518318538829,0.057839522995019,82,1.0,1.0,1.0,1.0,1.0,1.0,0.0
7.196413803100586,3.8130917360681806,0.5554736614227295,0.0550915452532741,0.8,0.05,10,3,100,75,0.8,"{'colsample_bytree': 0.8, 'learning_rate': 0.05, 'max_depth': 10, 'min_child_weight': 3, 'n_estimators': 100, 'scale_pos_weight': 75, 'subsample': 0.8}",0.061465721040189124,0.08778625954198473,0.08284023668639054,0.0,0.1652892561983471,0.0794762946933823,0.05307560299285605,85,0.987783595113438,0.9779116465863453,0.9602543720190779,0.9418360196215837,0.9354838709677419,0.9606539008616375,0.020107972449828232
7.372102975845337,3.5586965707676663,0.5810321807861328,0.0593319286383568,0.8,0.05,10,3,100,100,0.8,"{'colsample_bytree': 0.8, 'learning_rate': 0.05, 'max_depth': 10, 'min_child_weight': 3, 'n_estimators': 100, 'scale_pos_weight': 100, 'subsample': 0.8}",0.09929078014184398,0.0916030534351145,0.08875739644970414,0.010810810810810811,0.18181818181818182,0.09445604453113106,0.054208222571975,75,0.9947643979057592,0.9899598393574297,0.9753577106518283,0.9726699369306236,0.967741935483871,0.9800987640659024,0.010418041030026609
7.111377859115601,3.0690816625844395,0.5936384677886963,0.0382679654063495,0.8,0.05,10,3,100,125,0.8,"{'colsample_bytree': 0.8, 'learning_rate': 0.05, 'max_depth': 10, 'min_child_weight': 3, 'n_estimators': 100, 'scale_pos_weight': 125, 'subsample': 0.8}",0.16784869976359337,0.0916030534351145,0.09467455621301775,0.016216216216216217,0.21487603305785125,0.11704371173715862,0.06850707988243501,67,1.0,0.9949799196787149,0.9880763116057234,0.9831814996496145,0.9813895781637717,0.9895254618195649,0.007042805631952041
7.049102926254273,3.247831325650812,0.5976317882537842,0.024976573497713775,0.8,0.05,10,3,100,150,0.8,"{'colsample_bytree': 0.8, 'learning_rate': 0.05, 'max_depth': 10, 'min_child_weight': 3, 'n_estimators': 100, 'scale_pos_weight': 150, 'subsample': 0.8}",0.1702127659574468,0.08396946564885496,0.10059171597633136,0.02702702702702703,0.22727272727272727,0.12181474037647748,0.06975836590153436,62,1.0,0.9969879518072289,0.9936406995230525,0.9922915206727401,0.9863523573200993,0.9938545058646241,0.004612080881533337
6.978567314147949,3.693322425251842,0.6361133098602295,0.05660133576370146,0.8,0.05,10,3,100,200,0.8,"{'colsample_bytree': 0.8, 'learning_rate': 0.05, 'max_depth': 10, 'min_child_weight': 3, 'n_estimators': 100, 'scale_pos_weight': 200, 'subsample': 0.8}",0.2127659574468085,0.12213740458015267,0.11242603550295859,0.05405405405405406,0.24793388429752067,0.14986346717629892,0.0706034977558087,53,1.0,1.0,0.9984101748807631,0.9957953749124037,0.9950372208436724,0.9978485541273677,0.002082882439176577
13.837000751495362,6.331789020481908,1.400818157196045,0.10302989248114641,0.8,0.05,10,3,200,75,0.8,"{'colsample_bytree': 0.8, 'learning_rate': 0.05, 'max_depth': 10, 'min_child_weight': 3, 'n_estimators': 200, 'scale_pos_weight': 75, 'subsample': 0.8}",0.03546099290780142,0.05343511450381679,0.023668639053254437,0.0,0.10330578512396695,0.04317410631776792,0.0347132997943612,108,0.9982547993019197,0.9939759036144579,0.9904610492845787,0.9873861247372109,0.9820099255583127,0.990417560499296,0.0055491249243373245
13.178301334381104,5.377081675042687,1.2651333808898926,0.09988409250271771,0.8,0.05,10,3,200,100,0.8,"{'colsample_bytree': 0.8, 'learning_rate': 0.05, 'max_depth': 10, 'min_child_weight': 3, 'n_estimators': 200, 'scale_pos_weight': 100, 'subsample': 0.8}",0.05200945626477541,0.07251908396946564,0.029585798816568046,0.010810810810810811,0.1115702479338843,0.05529907955910085,0.034969053250950816,102,1.0,0.998995983935743,0.9976152623211447,0.9957953749124037,0.9906947890818859,0.9966202820502353,0.003281718370374552
12.429557943344117,6.073382052439949,1.329909610748291,0.15562368034734045,0.8,0.05,10,3,200,125,0.8,"{'colsample_bytree': 0.8, 'learning_rate': 0.05, 'max_depth': 10, 'min_child_weight': 3, 'n_estimators': 200, 'scale_pos_weight': 125, 'subsample': 0.8}",0.07801418439716312,0.08015267175572519,0.023668639053254437,0.010810810810810811,0.15289256198347106,0.06910777360008494,0.05036756001996235,95,1.0,1.0,1.0,0.9978976874562018,0.9968982630272953,0.9989591900966994,0.0013133212863280371
13.358275604248046,6.073331047327029,1.2397817611694335,0.08042916349888164,0.8,0.05,10,3,200,150,0.8,"{'colsample_bytree': 0.8, 'learning_rate': 0.05, 'max_depth': 10, 'min_child_weight': 3, 'n_estimators': 200, 'scale_pos_weight': 150, 'subsample': 0.8}",0.09929078014184398,0.06870229007633588,0.029585798816568046,0.010810810810810811,0.13636363636363635,0.06895066324183902,0.04559589525336065,96,1.0,1.0,1.0,0.9985984583041345,0.9975186104218362,0.9992234137451941,0.0010105624481547358
12.269767808914185,5.069141207851006,1.1603575706481934,0.050151173912663424,0.8,0.05,10,3,200,200,0.8,"{'colsample_bytree': 0.8, 'learning_rate': 0.05, 'max_depth': 10, 'min_child_weight': 3, 'n_estimators': 200, 'scale_pos_weight': 200, 'subsample': 0.8}",0.09929078014184398,0.08396946564885496,0.03550295857988166,0.010810810810810811,0.19834710743801653,0.08558422452388159,0.06481533996377613,81,1.0,1.0,1.0,1.0,1.0,1.0,0.0
4.3530772686004635,2.4976500711870253,0.35611395835876464,0.012714734128125117,0.8,0.1,6,1,100,75,0.8,"{'colsample_bytree': 0.8, 'learning_rate': 0.1, 'max_depth': 6, 'min_child_weight': 1, 'n_estimators': 100, 'scale_pos_weight': 75, 'subsample': 0.8}",0.2033096926713948,0.13740458015267176,0.14201183431952663,0.021621621621621623,0.2975206611570248,0.1603736779844479,0.0902991320594284,46,0.956369982547993,0.9006024096385542,0.8314785373608903,0.8220042046250876,0.7878411910669976,0.8596592650479046,0.06066167934882026
4.7339071273803714,2.315647887688205,0.34888420104980467,0.016496736493031867,0.8,0.1,6,1,100,100,0.8,"{'colsample_bytree': 0.8, 'learning_rate': 0.1, 'max_depth': 6, 'min_child_weight': 1, 'n_estimators': 100, 'scale_pos_weight': 100, 'subsample': 0.8}",0.29314420803782504,0.1984732824427481,0.17751479289940827,0.032432432432432434,0.3181818181818182,0.2039493067988464,0.1011450499274822,31,0.9790575916230366,0.9397590361445783,0.9006359300476947,0.8759635599159075,0.847394540942928,0.9085621317348289,0.046496929857152716
4.707919359207153,2.2754892475920157,0.38883094787597655,0.06857483838445624,0.8,0.1,6,1,100,125,0.8,"{'colsample_bytree': 0.8, 'learning_rate': 0.1, 'max_depth': 6, 'min_child_weight': 1, 'n_estimators': 100, 'scale_pos_weight': 125, 'subsample': 0.8}",0.3144208037825059,0.2595419847328244,0.23668639053254437,0.15675675675675677,0.4214876033057851,0.2777787078220833,0.08793447456650332,17,0.987783595113438,0.9738955823293173,0.9348171701112877,0.9117028731604765,0.8988833746898263,0.9414165190808692,0.034468292159028725
5.0721375942230225,2.4081970407925737,0.3769078731536865,0.02879161823257934,0.8,0.1,6,1,100,150,0.8,"{'colsample_bytree': 0.8, 'learning_rate': 0.1, 'max_depth': 6, 'min_child_weight': 1, 'n_estimators': 100, 'scale_pos_weight': 150, 'subsample': 0.8}",0.3475177304964539,0.25190839694656486,0.20710059171597633,0.11351351351351352,0.49173553719008267,0.28235515397251826,0.12898376639118653,16,0.9912739965095986,0.9829317269076305,0.9594594594594594,0.9390329362298528,0.9224565756823822,0.9590309389577847,0.0258791430184267
5.325894927978515,2.3491598014189776,0.3638200283050537,0.010322686680503169,0.8,0.1,6,1,100,200,0.8,"{'colsample_bytree': 0.8, 'learning_rate': 0.1, 'max_depth': 6, 'min_child_weight': 1, 'n_estimators': 100, 'scale_pos_weight': 200, 'subsample': 0.8}",0.4066193853427896,0.31297709923664124,0.20710059171597633,0.15675675675675677,0.5247933884297521,0.3216494442963832,0.13332186656348236,10,0.9965095986038395,0.9919678714859438,0.9721780604133545,0.9656622284512965,0.9547146401985112,0.976206479830589,0.01581105100716597
8.075306177139282,3.4035338817889853,0.7876568794250488,0.05742417967856026,0.8,0.1,6,1,200,75,0.8,"{'colsample_bytree': 0.8, 'learning_rate': 0.1, 'max_depth': 6, 'min_child_weight': 1, 'n_estimators': 200, 'scale_pos_weight': 75, 'subsample': 0.8}",0.15602836879432624,0.10687022900763359,0.07692307692307693,0.016216216216216217,0.2231404958677686,0.1158356773618043,0.07021165614799375,69,0.9947643979057592,0.9698795180722891,0.9324324324324325,0.9103013314646111,0.8839950372208437,0.9382745434191871,0.03988201028962934
7.2744224071502686,3.5304381149362367,0.7826919078826904,0.03943757498025563,0.8,0.1,6,1,200,100,0.8,"{'colsample_bytree': 0.8, 'learning_rate': 0.1, 'max_depth': 6, 'min_child_weight': 1, 'n_estimators': 200, 'scale_pos_weight': 100, 'subsample': 0.8}",0.18439716312056736,0.13740458015267176,0.08284023668639054,0.043243243243243246,0.24793388429752067,0.13916382150007872,0.0724612727249862,59,1.0,0.9859437751004017,0.9697933227344993,0.9537491240364401,0.9317617866004962,0.9682496016943676,0.023938166773466406
8.405673933029174,4.447993648213331,0.7793025493621826,0.034421979328839614,0.8,0.1,6,1,200,125,0.8,"{'colsample_bytree': 0.8, 'learning_rate': 0.1, 'max_depth': 6, 'min_child_weight': 1, 'n_estimators': 200, 'scale_pos_weight': 125, 'subsample': 0.8}",0.20094562647754138,0.14885496183206107,0.09467455621301775,0.0918918918918919,0.3305785123966942,0.17338910976224126,0.08821289224345556,44,1.0,0.9919678714859438,0.9825119236883942,0.9775753328661527,0.9578163771712159,0.9819743010423414,0.01433905518513086
8.69083604812622,4.131299844859358,0.7593194484710694,0.013289617502684642,0.8,0.1,6,1,200,150,0.8,"{'colsample_bytree': 0.8, 'learning_rate': 0.1, 'max_depth': 6, 'min_child_weight': 1, 'n_estimators': 200, 'scale_pos_weight': 150, 'subsample': 0.8}",0.2127659574468085,0.20229007633587787,0.08875739644970414,0.07567567567567568,0.38016528925619836,0.19193087903285294,0.10966644561520475,36,1.0,0.9959839357429718,0.9928457869634341,0.9887876664330764,0.9795285359801489,0.9914291850239263,0.006997348821528314
8.362769079208373,3.6036312957615606,0.7791798114776611,0.03912958050814393,0.8,0.1,6,1,200,200,0.8,"{'colsample_bytree': 0.8, 'learning_rate': 0.1, 'max_depth': 6, 'min_child_weight': 1, 'n_estimators': 200, 'scale_pos_weight': 200, 'subsample': 0.8}",0.25059101654846333,0.1717557251908397,0.09467455621301775,0.07027027027027027,0.3760330578512397,0.19266492521476614,0.11135444557403963,35,1.0,0.998995983935743,0.9960254372019078,0.9950946040644709,0.9869727047146402,0.9954177459833524,0.004595503673464138
4.03983325958252,1.6348878475344133,0.35535173416137694,0.010255818282534775,0.8,0.1,6,3,100,75,0.8,"{'colsample_bytree': 0.8, 'learning_rate': 0.1, 'max_depth': 6, 'min_child_weight': 3, 'n_estimators': 100, 'scale_pos_weight': 75, 'subsample': 0.8}",0.2860520094562648,0.1297709923664122,0.1834319526627219,0.032432432432432434,0.3347107438016529,0.19327962614389685,0.10826968099103906,34,0.9598603839441536,0.9056224899598394,0.8441971383147854,0.8170988086895585,0.7890818858560794,0.8631721413528833,0.061843054638048615
3.6571121215820312,2.4686781272791767,0.3499285697937012,0.009827564075340318,0.8,0.1,6,3,100,100,0.8,"{'colsample_bytree': 0.8, 'learning_rate': 0.1, 'max_depth': 6, 'min_child_weight': 3, 'n_estimators': 100, 'scale_pos_weight': 100, 'subsample': 0.8}",0.2789598108747045,0.183206106870229,0.20710059171597633,0.08108108108108109,0.3347107438016529,0.2170116668687288,0.08649718458622364,28,0.9825479930191972,0.9447791164658634,0.8910969793322735,0.8780658724597057,0.8511166253101737,0.9095213173174427,0.04757313749311353
4.869591188430786,2.281759683241597,0.3713101387023926,0.009291030008808102,0.8,0.1,6,3,100,125,0.8,"{'colsample_bytree': 0.8, 'learning_rate': 0.1, 'max_depth': 6, 'min_child_weight': 3, 'n_estimators': 100, 'scale_pos_weight': 125, 'subsample': 0.8}",0.3735224586288416,0.2748091603053435,0.28402366863905326,0.15135135135135136,0.4214876033057851,0.301038848446075,0.09289309550519889,13,0.9860383944153578,0.9698795180722891,0.9284578696343402,0.9138051857042747,0.8976426799007444,0.9391647295454012,0.033533155569587816
5.053486728668213,2.3409047711152673,0.3713826656341553,0.022400592164216047,0.8,0.1,6,3,100,150,0.8,"{'colsample_bytree': 0.8, 'learning_rate': 0.1, 'max_depth': 6, 'min_child_weight': 3, 'n_estimators': 100, 'scale_pos_weight': 150, 'subsample': 0.8}",0.39952718676122934,0.2862595419847328,0.3136094674556213,0.12432432432432433,0.4132231404958678,0.3073887322043551,0.10362252114807223,11,0.9930191972076788,0.9769076305220884,0.9483306836248012,0.9432375613174492,0.9305210918114144,0.9584032328966865,0.023019753914591424
5.005390453338623,2.2410071774339566,0.36862754821777344,0.01785022158233308,0.8,0.1,6,3,100,200,0.8,"{'colsample_bytree': 0.8, 'learning_rate': 0.1, 'max_depth': 6, 'min_child_weight': 3, 'n_estimators': 100, 'scale_pos_weight': 200, 'subsample': 0.8}",0.3877068557919622,0.3244274809160305,0.33727810650887574,0.25405405405405407,0.48760330578512395,0.35821396061120925,0.07751200660782759,5,0.9982547993019197,0.9929718875502008,0.9777424483306836,0.9684653118430273,0.956575682382134,0.978802025881593,0.015369945221161125
8.57339358329773,3.726008593371654,0.7860595226287842,0.030641711368738663,0.8,0.1,6,3,200,75,0.8,"{'colsample_bytree': 0.8, 'learning_rate': 0.1, 'max_depth': 6, 'min_child_weight': 3, 'n_estimators': 200, 'scale_pos_weight': 75, 'subsample': 0.8}",0.17257683215130024,0.08015267175572519,0.05325443786982249,0.010810810810810811,0.2727272727272727,0.11790440506298627,0.09384353381149867,66,0.9930191972076788,0.9658634538152611,0.9364069952305246,0.9152067274001402,0.8852357320099256,0.939146421132706,0.03769098467634018
8.118991422653199,3.2775782905324875,0.756899642944336,0.036261459793064936,0.8,0.1,6,3,200,100,0.8,"{'colsample_bytree': 0.8, 'learning_rate': 0.1, 'max_depth': 6, 'min_child_weight': 3, 'n_estimators': 200, 'scale_pos_weight': 100, 'subsample': 0.8}",0.17966903073286053,0.14885496183206107,0.05917159763313609,0.032432432432432434,0.28512396694214875,0.14105039791452775,0.09034545220656812,57,1.0,0.9849397590361446,0.9642289348171701,0.9460406447091801,0.9330024813895782,0.9656423639904146,0.024512950555665897
7.833378839492798,4.526675333214822,0.7446138381958007,0.026209426270692362,0.8,0.1,6,3,200,125,0.8,"{'colsample_bytree': 0.8, 'learning_rate': 0.1, 'max_depth': 6, 'min_child_weight': 3, 'n_estimators': 200, 'scale_pos_weight': 125, 'subsample': 0.8}",0.21040189125295508,0.15267175572519084,0.07100591715976332,0.05945945945945946,0.30165289256198347,0.15903838323187042,0.09020345815534796,47,1.0,0.9909638554216867,0.9817170111287759,0.9726699369306236,0.9652605459057072,0.9821222698773587,0.012422684390751216
9.271550178527832,4.6939900008857,0.8147095680236817,0.0835178223969473,0.8,0.1,6,3,200,150,0.8,"{'colsample_bytree': 0.8, 'learning_rate': 0.1, 'max_depth': 6, 'min_child_weight': 3, 'n_estimators': 200, 'scale_pos_weight': 150, 'subsample': 0.8}",0.21513002364066194,0.17938931297709923,0.1242603550295858,0.08108108108108109,0.30578512396694213,0.18112917933907402,0.07738459048496532,42,1.0,0.9959839357429718,0.9896661367249603,0.9852838121934128,0.9733250620347395,0.9888517893392169,0.009269552272111589
9.14211173057556,4.4656672616907915,0.7884594440460205,0.04377816295346057,0.8,0.1,6,3,200,200,0.8,"{'colsample_bytree': 0.8, 'learning_rate': 0.1, 'max_depth': 6, 'min_child_weight': 3, 'n_estimators': 200, 'scale_pos_weight': 200, 'subsample': 0.8}",0.23167848699763594,0.19083969465648856,0.1301775147928994,0.10270270270270271,0.35537190082644626,0.20215405999523456,0.08893436785451155,32,1.0,1.0,0.9960254372019078,0.9943938332165382,0.988833746898263,0.9958506034633418,0.004143042497485759
5.615737676620483,2.386714873534194,0.45553040504455566,0.0206736175026785,0.8,0.1,8,1,100,75,0.8,"{'colsample_bytree': 0.8, 'learning_rate': 0.1, 'max_depth': 8, 'min_child_weight': 1, 'n_estimators': 100, 'scale_pos_weight': 75, 'subsample': 0.8}",0.09929078014184398,0.08396946564885496,0.047337278106508875,0.0,0.19834710743801653,0.08578892626704486,0.0658683896263283,80,0.9912739965095986,0.9809236947791165,0.9475357710651828,0.9299229152067274,0.9088089330024814,0.9516930621126214,0.03082645340779198
4.713869094848633,1.9050641183234267,0.4676753044128418,0.05059078785972796,0.8,0.1,8,1,100,100,0.8,"{'colsample_bytree': 0.8, 'learning_rate': 0.1, 'max_depth': 8, 'min_child_weight': 1, 'n_estimators': 100, 'scale_pos_weight': 100, 'subsample': 0.8}",0.16312056737588654,0.10305343511450382,0.0650887573964497,0.032432432432432434,0.22727272727272727,0.11819358391839996,0.06974383867759615,65,1.0,0.9929718875502008,0.9785373608903021,0.9614576033637001,0.9491315136476427,0.9764196730903691,0.01898946759961781
5.152910566329956,3.2360957247178854,0.44562978744506837,0.02326864299154004,0.8,0.1,8,1,100,125,0.8,"{'colsample_bytree': 0.8, 'learning_rate': 0.1, 'max_depth': 8, 'min_child_weight': 1, 'n_estimators': 100, 'scale_pos_weight': 125, 'subsample': 0.8}",0.13711583924349882,0.12213740458015267,0.0650887573964497,0.010810810810810811,0.2727272727272727,0.12157601695163693,0.08780460664334025,63,1.0,0.9949799196787149,0.9872813990461049,0.9733707077785564,0.9702233250620348,0.9851710703130822,0.011689720381045026
6.05380334854126,2.810485358437492,0.46570920944213867,0.025357286041173113,0.8,0.1,8,1,100,150,0.8,"{'colsample_bytree': 0.8, 'learning_rate': 0.1, 'max_depth': 8, 'min_child_weight': 1, 'n_estimators': 100, 'scale_pos_weight': 150, 'subsample': 0.8}",0.2127659574468085,0.15648854961832062,0.09467455621301775,0.043243243243243246,0.26859504132231404,0.15515346956874082,0.08046312089034768,50,1.0,0.9969879518072289,0.9920508744038156,0.9852838121934128,0.9826302729528535,0.9913905822714622,0.006632107737187313
6.022117614746094,2.8399226829099944,0.4548222064971924,0.02615449591933901,0.8,0.1,8,1,100,200,0.8,"{'colsample_bytree': 0.8, 'learning_rate': 0.1, 'max_depth': 8, 'min_child_weight': 1, 'n_estimators': 100, 'scale_pos_weight': 200, 'subsample': 0.8}",0.16784869976359337,0.16030534351145037,0.10650887573964497,0.03783783783783784,0.2644628099173554,0.14739271335397638,0.07478549302420176,54,1.0,1.0,0.9976152623211447,0.9922915206727401,0.9913151364764268,0.9962443838940624,0.0037419572440888682
10.849282264709473,4.476617296386242,1.0367767810821533,0.049558551954511657,0.8,0.1,8,1,200,75,0.8,"{'colsample_bytree': 0.8, 'learning_rate': 0.1, 'max_depth': 8, 'min_child_weight': 1, 'n_estimators': 200, 'scale_pos_weight': 75, 'subsample': 0.8}",0.04491725768321513,0.03816793893129771,0.01775147928994083,0.0,0.13636363636363635,0.047440062453618,0.0471841293473197,106,1.0,0.9969879518072289,0.9888712241653418,0.9852838121934128,0.978287841191067,0.9898861658714102,0.007867120257039046
10.553178548812866,4.119730374579906,1.0100513458251954,0.03962710949338702,0.8,0.1,8,1,200,100,0.8,"{'colsample_bytree': 0.8, 'learning_rate': 0.1, 'max_depth': 8, 'min_child_weight': 1, 'n_estimators': 200, 'scale_pos_weight': 100, 'subsample': 0.8}",0.08037825059101655,0.05725190839694656,0.023668639053254437,0.005405405405405406,0.13636363636363635,0.06061356796205186,0.04594101714646137,99,1.0,0.998995983935743,0.9976152623211447,0.9950946040644709,0.9913151364764268,0.996604197359557,0.003115362190739322
9.83504385948181,4.680854668864196,1.0445667266845704,0.06497847860378517,0.8,0.1,8,1,200,125,0.8,"{'colsample_bytree': 0.8, 'learning_rate': 0.1, 'max_depth': 8, 'min_child_weight': 1, 'n_estimators': 200, 'scale_pos_weight': 125, 'subsample': 0.8}",0.061465721040189124,0.07251908396946564,0.023668639053254437,0.010810810810810811,0.19834710743801653,0.0733622724623473,0.06655161971373921,92,1.0,1.0,0.9992050874403816,0.9964961457603364,0.9944168734491315,0.9980236213299699,0.0022158438282744754
10.859973478317261,5.085896842930764,0.9857801914215087,0.04749785363845815,0.8,0.1,8,1,200,150,0.8,"{'colsample_bytree': 0.8, 'learning_rate': 0.1, 'max_depth': 8, 'min_child_weight': 1, 'n_estimators': 200, 'scale_pos_weight': 150, 'subsample': 0.8}",0.10638297872340426,0.08396946564885496,0.01775147928994083,0.032432432432432434,0.19834710743801653,0.08777669270652981,0.06411399711518426,79,1.0,1.0,0.9992050874403816,0.9992992291520673,0.9962779156327544,0.9989564464450407,0.0013807141402407861
10.208685159683228,4.360459719587523,0.9932384014129638,0.02080446047450964,0.8,0.1,8,1,200,200,0.8,"{'colsample_bytree': 0.8, 'learning_rate': 0.1, 'max_depth': 8, 'min_child_weight': 1, 'n_estimators': 200, 'scale_pos_weight': 200, 'subsample': 0.8}",0.09219858156028368,0.07633587786259542,0.005917159763313609,0.021621621621621623,0.1652892561983471,0.07227249940123229,0.05662900203622123,93,1.0,1.0,1.0,0.9992992291520673,1.0,0.9998598458304133,0.00028030833917309646
5.204187440872192,1.8700961865573607,0.06754398345947266,0.7425536685783974,0.8,0.1,8,3,100,75,0.8,"{'colsample_bytree': 0.8, 'learning_rate': 0.1, 'max_depth': 8, 'min_child_weight': 3, 'n_estimators': 100, 'scale_pos_weight': 75, 'subsample': 0.8}",0.1016548463356974,0.08396946564885496,0.04142011834319527,0.016216216216216217,0.19834710743801653,0.08832155079639607,0.06277143326458313,78,0.9912739965095986,0.9799196787148594,0.9403815580286169,0.9348283111422565,0.9106699751861043,0.9514147039162871,0.02986057081515915
5.326162719726563,3.2282058126733673,0.44245357513427735,0.020297530474111283,0.8,0.1,8,3,100,100,0.8,"{'colsample_bytree': 0.8, 'learning_rate': 0.1, 'max_depth': 8, 'min_child_weight': 3, 'n_estimators': 100, 'scale_pos_weight': 100, 'subsample': 0.8}",0.1607565011820331,0.09923664122137404,0.05325443786982249,0.010810810810810811,0.24380165289256198,0.11357200879532048,0.0819630556537885,70,0.9965095986038395,0.9889558232931727,0.9713831478537361,0.9628591450595655,0.9472704714640199,0.9733956372548669,0.017742416226427776
5.843992090225219,2.8087657777328294,0.4433001518249512,0.019965735043065033,0.8,0.1,8,3,100,125,0.8,"{'colsample_bytree': 0.8, 'learning_rate': 0.1, 'max_depth': 8, 'min_child_weight': 3, 'n_estimators': 100, 'scale_pos_weight': 125, 'subsample': 0.8}",0.13711583924349882,0.14885496183206107,0.08284023668639054,0.005405405405405406,0.3140495867768595,0.13765320598884306,0.10172059144048394,61,0.9982547993019197,0.9959839357429718,0.9825119236883942,0.9761737911702874,0.9714640198511166,0.9848776939509379,0.010616750912786417
5.942394638061524,2.732073918365566,0.4718649864196777,0.02045950231815916,0.8,0.1,8,3,100,150,0.8,"{'colsample_bytree': 0.8, 'learning_rate': 0.1, 'max_depth': 8, 'min_child_weight': 3, 'n_estimators': 100, 'scale_pos_weight': 150, 'subsample': 0.8}",0.1938534278959811,0.13358778625954199,0.1301775147928994,0.016216216216216217,0.29338842975206614,0.15344467498334097,0.09053665388055972,52,1.0,0.9979919678714859,0.994435612082671,0.9894884372810091,0.9844913151364765,0.9932814664743285,0.005662391707347082
6.040076398849488,2.8131492082640666,0.47260427474975586,0.02565874958459779,0.8,0.1,8,3,100,200,0.8,"{'colsample_bytree': 0.8, 'learning_rate': 0.1, 'max_depth': 8, 'min_child_weight': 3, 'n_estimators': 100, 'scale_pos_weight': 200, 'subsample': 0.8}",0.2458628841607565,0.14122137404580154,0.11242603550295859,0.07567567567567568,0.359504132231405,0.18693802032331946,0.10322069513673975,38,1.0,0.9969879518072289,0.9960254372019078,0.9929922915206727,0.989454094292804,0.9950919549645226,0.003598587465006005
10.60167350769043,4.465442203165327,0.6768013954162597,0.7658493490157096,0.8,0.1,8,3,200,75,0.8,"{'colsample_bytree': 0.8, 'learning_rate': 0.1, 'max_depth': 8, 'min_child_weight': 3, 'n_estimators': 200, 'scale_pos_weight': 75, 'subsample': 0.8}",0.04728132387706856,0.05343511450381679,0.01775147928994083,0.016216216216216217,0.11983471074380166,0.05090376892616881,0.03761197995203975,105,0.9982547993019197,0.9959839357429718,0.9872813990461049,0.98458304134548,0.9751861042183623,0.9882578559309678,0.008306137599934059
10.044966411590575,4.641425984156091,1.0293667793273926,0.100911171205757,0.8,0.1,8,3,200,100,0.8,"{'colsample_bytree': 0.8, 'learning_rate': 0.1, 'max_depth': 8, 'min_child_weight': 3, 'n_estimators': 200, 'scale_pos_weight': 100, 'subsample': 0.8}",0.06382978723404255,0.07251908396946564,0.023668639053254437,0.005405405405405406,0.16115702479338842,0.0653159880911113,0.053969208441498245,97,1.0,0.998995983935743,0.994435612082671,0.9943938332165382,0.9906947890818859,0.9957040436633676,0.0033973611275554356
10.846930742263794,5.465726544698055,1.1905150890350342,0.14459619527071604,0.8,0.1,8,3,200,125,0.8,"{'colsample_bytree': 0.8, 'learning_rate': 0.1, 'max_depth': 8, 'min_child_weight': 3, 'n_estimators': 200, 'scale_pos_weight': 125, 'subsample': 0.8}",0.08037825059101655,0.09923664122137404,0.023668639053254437,0.010810810810810811,0.1859504132231405,0.08000895097991927,0.0625396629784866,84,1.0,1.0,0.9968203497615262,0.9971969166082691,0.9962779156327544,0.99805903640051,0.001611500276400294
11.123869514465332,4.8955311626153435,1.1050861835479737,0.12549401035375132,0.8,0.1,8,3,200,150,0.8,"{'colsample_bytree': 0.8, 'learning_rate': 0.1, 'max_depth': 8, 'min_child_weight': 3, 'n_estimators': 200, 'scale_pos_weight': 150, 'subsample': 0.8}",0.09219858156028368,0.04961832061068702,0.023668639053254437,0.016216216216216217,0.1652892561983471,0.0693982027277577,0.054819178816077826,94,1.0,1.0,1.0,0.9992992291520673,0.9975186104218362,0.9993635679147808,0.000961576312566953
11.067132997512818,4.55457608973937,1.0575956344604491,0.06359738847982686,0.8,0.1,8,3,200,200,0.8,"{'colsample_bytree': 0.8, 'learning_rate': 0.1, 'max_depth': 8, 'min_child_weight': 3, 'n_estimators': 200, 'scale_pos_weight': 200, 'subsample': 0.8}",0.13002364066193853,0.05725190839694656,0.01775147928994083,0.032432432432432434,0.23553719008264462,0.09459933017278059,0.08035360278528504,74,1.0,1.0,1.0,0.9992992291520673,0.9981389578163772,0.9994876373936888,0.0007269086034442548
7.3749785900115965,3.184115760956404,0.5918044090270996,0.05833051478353299,0.8,0.1,10,1,100,75,0.8,"{'colsample_bytree': 0.8, 'learning_rate': 0.1, 'max_depth': 10, 'min_child_weight': 1, 'n_estimators': 100, 'scale_pos_weight': 75, 'subsample': 0.8}",0.016548463356973995,0.0648854961832061,0.03550295857988166,0.0,0.08677685950413223,0.040742755524838796,0.03154299297453794,109,0.9965095986038395,0.9939759036144579,0.9848966613672496,0.9831814996496145,0.9801488833746899,0.9877425093219703,0.0063605325833895904
7.396906948089599,3.3024799998586003,0.5952770709991455,0.042211950732192756,0.8,0.1,10,1,100,100,0.8,"{'colsample_bytree': 0.8, 'learning_rate': 0.1, 'max_depth': 10, 'min_child_weight': 1, 'n_estimators': 100, 'scale_pos_weight': 100, 'subsample': 0.8}",0.0425531914893617,0.04580152671755725,0.047337278106508875,0.010810810810810811,0.1487603305785124,0.059052627540550205,0.046818409501227294,100,1.0,0.998995983935743,0.9952305246422893,0.9936930623686054,0.9875930521091811,0.9951025246111638,0.004416773387340769
7.767084074020386,3.3029315963197625,0.4028465747833252,0.6220943454606352,0.8,0.1,10,1,100,125,0.8,"{'colsample_bytree': 0.8, 'learning_rate': 0.1, 'max_depth': 10, 'min_child_weight': 1, 'n_estimators': 100, 'scale_pos_weight': 125, 'subsample': 0.8}",0.05200945626477541,0.0648854961832061,0.047337278106508875,0.021621621621621623,0.19008264462809918,0.07518729936084223,0.05914251506134599,88,1.0,1.0,0.9976152623211447,0.9971969166082691,0.9956575682382134,0.9980939494335255,0.001687354147411435
6.6587635517120365,2.696602884365814,0.6128476142883301,0.05250416434332162,0.8,0.1,10,1,100,150,0.8,"{'colsample_bytree': 0.8, 'learning_rate': 0.1, 'max_depth': 10, 'min_child_weight': 1, 'n_estimators': 100, 'scale_pos_weight': 150, 'subsample': 0.8}",0.08274231678486997,0.08396946564885496,0.029585798816568046,0.032432432432432434,0.14049586776859505,0.07384517629026408,0.040737900944281306,90,1.0,1.0,0.9992050874403816,0.9992992291520673,0.9981389578163772,0.9993286548817653,0.0006830698981929451
7.23687710762024,3.9081803543537497,0.2765688419342041,0.728329235067651,0.8,0.1,10,1,100,200,0.8,"{'colsample_bytree': 0.8, 'learning_rate': 0.1, 'max_depth': 10, 'min_child_weight': 1, 'n_estimators': 100, 'scale_pos_weight': 200, 'subsample': 0.8}",0.08983451536643026,0.08396946564885496,0.029585798816568046,0.021621621621621623,0.19008264462809918,0.08301880921631481,0.06022412090844747,83,1.0,1.0,1.0,0.9992992291520673,0.999379652605459,0.9997357763515053,0.0003246043712295884
15.059250545501708,6.38711371669589,1.529677724838257,0.16782851440317478,0.8,0.1,10,1,200,75,0.8,"{'colsample_bytree': 0.8, 'learning_rate': 0.1, 'max_depth': 10, 'min_child_weight': 1, 'n_estimators': 200, 'scale_pos_weight': 75, 'subsample': 0.8}",0.004728132387706856,0.026717557251908396,0.0,0.0,0.04132231404958678,0.014553600737840405,0.016641395780492802,120,1.0,0.9969879518072289,0.9960254372019078,0.9922915206727401,0.9931761786600496,0.9956962176683852,0.002765576365979248
14.37752923965454,5.745746866007655,1.365390920639038,0.15534153011033103,0.8,0.1,10,1,200,100,0.8,"{'colsample_bytree': 0.8, 'learning_rate': 0.1, 'max_depth': 10, 'min_child_weight': 1, 'n_estimators': 200, 'scale_pos_weight': 100, 'subsample': 0.8}",0.009456264775413711,0.022900763358778626,0.0,0.0,0.08264462809917356,0.023000331246673177,0.03098039467884411,118,1.0,0.998995983935743,0.9976152623211447,0.9978976874562018,0.9975186104218362,0.9984055088269852,0.0009549894052352484
14.748762273788453,6.515278425105224,1.405290174484253,0.2024914949656441,0.8,0.1,10,1,200,125,0.8,"{'colsample_bytree': 0.8, 'learning_rate': 0.1, 'max_depth': 10, 'min_child_weight': 1, 'n_estimators': 200, 'scale_pos_weight': 125, 'subsample': 0.8}",0.016548463356973995,0.015267175572519083,0.0,0.010810810810810811,0.09090909090909091,0.02670710812987896,0.03262491871695162,112,1.0,1.0,1.0,1.0,0.9987593052109182,0.9997518610421837,0.0004962779156327368
13.4106764793396,5.573050888570373,1.3305853366851808,0.0839425540002536,0.8,0.1,10,1,200,150,0.8,"{'colsample_bytree': 0.8, 'learning_rate': 0.1, 'max_depth': 10, 'min_child_weight': 1, 'n_estimators': 200, 'scale_pos_weight': 150, 'subsample': 0.8}",0.009456264775413711,0.03435114503816794,0.0,0.0,0.07024793388429752,0.022811068739575835,0.0268420194424352,119,1.0,0.998995983935743,1.0,1.0,1.0,0.9997991967871485,0.0004016064257028162
12.793046045303345,5.308149608580616,0.9078786849975586,0.790464152335678,0.8,0.1,10,1,200,200,0.8,"{'colsample_bytree': 0.8, 'learning_rate': 0.1, 'max_depth': 10, 'min_child_weight': 1, 'n_estimators': 200, 'scale_pos_weight': 200, 'subsample': 0.8}",0.0070921985815602835,0.019083969465648856,0.0,0.010810810810810811,0.08264462809917356,0.0239263213914387,0.02999720346529612,117,1.0,1.0,1.0,1.0,1.0,1.0,0.0
6.681969356536865,3.7476990864763753,0.5839207172393799,0.05122111541456194,0.8,0.1,10,3,100,75,0.8,"{'colsample_bytree': 0.8, 'learning_rate': 0.1, 'max_depth': 10, 'min_child_weight': 3, 'n_estimators': 100, 'scale_pos_weight': 75, 'subsample': 0.8}",0.03309692671394799,0.05343511450381679,0.029585798816568046,0.0,0.11570247933884298,0.04636406387463517,0.03863927831069839,107,0.9982547993019197,0.9949799196787149,0.9848966613672496,0.98458304134548,0.9770471464019851,0.9879523136190699,0.00768296995367159
7.182593107223511,3.3663683227825483,0.5403098583221435,0.03052988771915856,0.8,0.1,10,3,100,100,0.8,"{'colsample_bytree': 0.8, 'learning_rate': 0.1, 'max_depth': 10, 'min_child_weight': 3, 'n_estimators': 100, 'scale_pos_weight': 100, 'subsample': 0.8}",0.0591016548463357,0.04961832061068702,0.029585798816568046,0.0,0.12396694214876033,0.05245454328447021,0.04108700531121015,104,1.0,0.9969879518072289,0.9992050874403816,0.9936930623686054,0.9913151364764268,0.9962402476185286,0.00329332498100345
7.219196224212647,3.442201441557169,0.6001750946044921,0.10186083970738842,0.8,0.1,10,3,100,125,0.8,"{'colsample_bytree': 0.8, 'learning_rate': 0.1, 'max_depth': 10, 'min_child_weight': 3, 'n_estimators': 100, 'scale_pos_weight': 125, 'subsample': 0.8}",0.061465721040189124,0.08015267175572519,0.029585798816568046,0.016216216216216217,0.18181818181818182,0.07384771792937608,0.058534083806518825,89,1.0,1.0,0.9992050874403816,0.9943938332165382,0.9956575682382134,0.9978512977790267,0.0023593685348043255
6.723759460449219,2.6877305090505055,0.23723278045654297,0.7749208115679832,0.8,0.1,10,3,100,150,0.8,"{'colsample_bytree': 0.8, 'learning_rate': 0.1, 'max_depth': 10, 'min_child_weight': 3, 'n_estimators': 100, 'scale_pos_weight': 150, 'subsample': 0.8}",0.061465721040189124,0.061068702290076333,0.029585798816568046,0.005405405405405406,0.21074380165289255,0.0736538858410263,0.07169439950134822,91,1.0,1.0,1.0,0.9985984583041345,0.9975186104218362,0.9992234137451941,0.0010105624481547358
6.223933839797974,3.2093839576909344,0.5934491634368897,0.11007749196025371,0.8,0.1,10,3,100,200,0.8,"{'colsample_bytree': 0.8, 'learning_rate': 0.1, 'max_depth': 10, 'min_child_weight': 3, 'n_estimators': 100, 'scale_pos_weight': 200, 'subsample': 0.8}",0.09456264775413711,0.07633587786259542,0.03550295857988166,0.02702702702702703,0.15702479338842976,0.07809066092241419,0.046746572022667625,86,1.0,1.0,1.0,1.0,0.999379652605459,0.9998759305210918,0.0002481389578163906
15.533757972717286,6.377005604452203,1.3650988578796386,0.12723945174982268,0.8,0.1,10,3,200,75,0.8,"{'colsample_bytree': 0.8, 'learning_rate': 0.1, 'max_depth': 10, 'min_child_weight': 3, 'n_estimators': 200, 'scale_pos_weight': 75, 'subsample': 0.8}",0.014184397163120567,0.03435114503816794,0.0,0.0,0.0743801652892562,0.02458314149810894,0.027899652496729186,116,0.9982547993019197,0.9979919678714859,0.9952305246422893,0.9950946040644709,0.9913151364764268,0.9955774064713185,0.002510733351085141
14.239376211166382,4.736055678556691,1.3762037754058838,0.16705011621129764,0.8,0.1,10,3,200,100,0.8,"{'colsample_bytree': 0.8, 'learning_rate': 0.1, 'max_depth': 10, 'min_child_weight': 3, 'n_estimators': 200, 'scale_pos_weight': 100, 'subsample': 0.8}",0.016548463356973995,0.03816793893129771,0.0,0.010810810810810811,0.06611570247933884,0.026328583115684274,0.023464149258247163,113,1.0,0.998995983935743,0.9984101748807631,0.9985984583041345,0.9981389578163772,0.9988287149874034,0.0006486673103911714
12.817744493484497,6.287665703952256,1.2847337245941162,0.1349996207486565,0.8,0.1,10,3,200,125,0.8,"{'colsample_bytree': 0.8, 'learning_rate': 0.1, 'max_depth': 10, 'min_child_weight': 3, 'n_estimators': 200, 'scale_pos_weight': 125, 'subsample': 0.8}",0.016548463356973995,0.026717557251908396,0.0,0.0,0.08677685950413223,0.026008576022602925,0.03204893981637596,114,1.0,1.0,1.0,1.0,0.9981389578163772,0.9996277915632754,0.0007444168734491274
13.173535490036011,5.180714738056315,1.174648904800415,0.2287355153406305,0.8,0.1,10,3,200,150,0.8,"{'colsample_bytree': 0.8, 'learning_rate': 0.1, 'max_depth': 10, 'min_child_weight': 3, 'n_estimators': 200, 'scale_pos_weight': 150, 'subsample': 0.8}",0.01182033096926714,0.019083969465648856,0.0,0.0,0.128099173553719,0.031800694797727,0.04869680776363836,111,1.0,1.0,1.0,1.0,1.0,1.0,0.0
10.056533527374267,2.7303743983290314,0.7991598606109619,0.3631134346323678,0.8,0.1,10,3,200,200,0.8,"{'colsample_bytree': 0.8, 'learning_rate': 0.1, 'max_depth': 10, 'min_child_weight': 3, 'n_estimators': 200, 'scale_pos_weight': 200, 'subsample': 0.8}",0.014184397163120567,0.026717557251908396,0.0,0.0,0.08677685950413223,0.02553576278383224,0.03220208822119861,115,1.0,1.0,1.0,1.0,1.0,1.0,0.0
